time[s], Q0, Q1, Q2, Q3, Q4, Q5, Q6, Time for Inverse kinematics[s], Time for move[ms]
0, 0, -0.65, 0, 1.8, 0, 0.42, 0, 0, 0
1, 0, -0.65, 0, 1.8, 0, 0.42, 0, 122, 878
2, -0.016352, -0.638212, -0.0202397, 1.79543, -0.00784058, 0.412365, -0.00354645, 102, 898
3, -0.0323854, -0.628129, -0.0405198, 1.79114, -0.0146082, 0.405704, -0.00602319, 138, 862
4, -0.0481823, -0.611592, -0.0612113, 1.78423, -0.0224493, 0.395047, -0.0100712, 109, 891
