time[s], Q0, Q1, Q2, Q3, Q4, Q5, Q6, Time for Inverse kinematics[s], Time for move[ms]
0, 0, -0.65, 0, 1.8, 0, 0.42, 0, 0, 0
1, 0, -0.65, 0, 1.8, 0, 0.42, 0, 0, 32, 968
2, -0.0167387, -0.651965, -0.0188978, 1.79984, -0.00708176, 0.420668, -0.00190353, 0, 32, 968
3, -0.0331863, -0.653948, -0.0374604, 1.79956, -0.0140387, 0.42134, -0.00376642, 0, 32, 968
4, -0.0498943, -0.656241, -0.0562894, 1.79886, -0.0211218, 0.42186, -0.00567092, 0, 31, 969
