time[s], Q0, Q1, Q2, Q3, Q4, Q5, Q6, Time for Inverse kinematics[s], Time for move[ms]
0, 0, -0.65, 0, 1.8, 0, 0.42, 0, 0, 0
1, 0.0152643, -0.65, 0.017994, 1.8, 0.00559033, 0.42, 0.000837818, 82, 918
2, 0.0135032, -0.64984, 0.0159171, 1.80031, 0.00495362, 0.420197, 0.000750657, 107, 893
3, 0.0120387, -0.649886, 0.0141923, 1.80032, 0.00441725, 0.420212, 0.000670973, 79, 921
4, 0.0102816, -0.649943, 0.0121228, 1.80032, 0.00377369, 0.420231, 0.000575428, 89, 911
