time[s], x, y, z, R, P, Y
0, 2.29038e-17, -0.319048, 1.69359, -3.14159, -4.87609e-20, 1.57159, 
1, 2.29038e-17, -0.319048, 1.69359, -3.14159, -4.87609e-20, 1.57159, 
2, 2.29038e-17, -0.319048, 1.69359, -3.14159, -4.87609e-20, 1.57159, 
3, -0.0169412, -0.31758, 1.69415, 3.10692, 0.00310418, 1.57294, 
4, -0.033522, -0.31544, 1.69465, 3.07287, 0.00622728, 1.5742, 
