time[s], x, y, z, R, P, Y
0, 2.29038e-17, -0.319048, 1.69359, -3.14159, -4.87609e-20, 1.57159, 
1, 0.0158712, -0.318762, 1.69353, -3.10972, -0.00494871, 1.5715, 
2, 0.0140416, -0.318977, 1.69328, -3.1134, -0.0043573, 1.57085, 
3, 0.0125198, -0.318998, 1.6933, -3.11645, -0.00388376, 1.57089, 
4, 0.0106936, -0.319016, 1.69332, -3.12012, -0.0033153, 1.57094, 
