time[s], x, y, z, R, P, Y
0, 2.29038e-17, -0.319048, 1.69359, -3.14159, -4.87609e-20, 1.57159, 
1, 2.29038e-17, -0.319048, 1.69359, -3.14159, -4.87609e-20, 1.57159, 
2, -0.0177921, -0.3244, 1.69345, 3.10583, 0.00133114, 1.57188, 
3, -0.0356183, -0.328161, 1.69337, 3.07062, 0.00437031, 1.57238, 
4, -0.0539974, -0.334315, 1.69304, 3.03457, 0.00435799, 1.57281, 
